ID,Reached.on.Time_Y.N
7000,0.060780052
7001,0.073253855
7002,0.42850536
7003,0.032321826
7004,0.43751544
7005,0.97611314
7006,0.47775415
7007,0.032329492
7008,0.9966965
7009,0.053147975
7010,0.017389348
7011,0.28387097
7012,0.02773593
7013,0.17135732
7014,0.03486488
7015,0.03717777
7016,0.46705133
7017,0.3643024
7018,0.024603274
7019,0.027871327
7020,0.39049023
7021,0.032012887
7022,0.21353541
7023,0.56372136
7024,0.048997935
7025,0.7576345
7026,0.33521166
7027,0.99613297
7028,0.033832733
7029,0.020110272
7030,0.997359
7031,0.032950997
7032,0.34765193
7033,0.19197327
7034,0.028085744
7035,0.01931537
7036,0.45265618
7037,0.032358896
7038,0.9976615
7039,0.04611863
7040,0.02454759
7041,0.4531318
7042,0.05757621
7043,0.025515063
7044,0.033578
7045,0.25129062
7046,0.31656665
7047,0.16911124
7048,0.9962637
7049,0.18795334
7050,0.091565676
7051,0.03741462
7052,0.024229653
7053,0.021841599
7054,0.51123244
7055,0.42547026
7056,0.034934413
7057,0.39587063
7058,0.027447006
7059,0.5727586
7060,0.06579147
7061,0.030459844
7062,0.03221901
7063,0.9987134
7064,0.34422168
7065,0.24520253
7066,0.04781849
7067,0.053215735
7068,0.02839701
7069,0.54134977
7070,0.020114671
7071,0.06602753
7072,0.33507076
7073,0.9975273
7074,0.035007812
7075,0.6170587
7076,0.99878603
7077,0.03599132
7078,0.19271228
7079,0.7223029
7080,0.45541674
7081,0.037337776
7082,0.9986885
7083,0.024181128
7084,0.024849117
7085,0.47198647
7086,0.03648742
7087,0.17604664
7088,0.28875762
7089,0.16369744
7090,0.041363113
7091,0.47611797
7092,0.5894755
7093,0.15665738
7094,0.03553787
7095,0.024307696
7096,0.03653103
7097,0.2276645
7098,0.02867684
7099,0.4301884
7100,0.024498677
7101,0.43762064
7102,0.045634445
7103,0.9982327
7104,0.5246616
7105,0.054007754
7106,0.5436994
7107,0.07540316
7108,0.025684277
7109,0.5543698
7110,0.6419748
7111,0.40226603
7112,0.27000347
7113,0.9963075
7114,0.04407734
7115,0.99690104
7116,0.33248907
7117,0.060493134
7118,0.3967179
7119,0.060392853
7120,0.032023776
7121,0.04005391
7122,0.2900502
7123,0.028933715
7124,0.5316046
7125,0.028992116
7126,0.41174647
7127,0.4188211
7128,0.06605401
7129,0.07561766
7130,0.47110376
7131,0.3748799
7132,0.9985669
7133,0.7127022
7134,0.9973137
7135,0.02990542
7136,0.027570738
7137,0.34736767
7138,0.19513875
7139,0.3540981
7140,0.28505078
7141,0.38482204
7142,0.20760392
7143,0.026636941
7144,0.03948622
7145,0.52954286
7146,0.9986362
7147,0.2158452
7148,0.39164108
7149,0.2470199
7150,0.027628696
7151,0.03177515
7152,0.32607257
7153,0.99867153
7154,0.028984752
7155,0.046840336
7156,0.5685912
7157,0.03142249
7158,0.4269735
7159,0.25377592
7160,0.032823622
7161,0.68135047
7162,0.0628015
7163,0.7002112
7164,0.9983353
7165,0.723203
7166,0.9986853
7167,0.9972752
7168,0.9956648
7169,0.31300503
7170,0.18297459
7171,0.015915941
7172,0.47998556
7173,0.04700188
7174,0.43205148
7175,0.20709737
7176,0.6133184
7177,0.033237647
7178,0.5119814
7179,0.4065046
7180,0.6678389
7181,0.54815525
7182,0.20803334
7183,0.03561979
7184,0.9988642
7185,0.04369901
7186,0.03509252
7187,0.2656911
7188,0.22422858
7189,0.9977513
7190,0.030313093
7191,0.022529315
7192,0.0416427
7193,0.93648946
7194,0.033425156
7195,0.018060738
7196,0.018026825
7197,0.34869716
7198,0.04408242
7199,0.17767303
7200,0.30963618
7201,0.3724106
7202,0.30988774
7203,0.47756964
7204,0.01705426
7205,0.021301832
7206,0.037177976
7207,0.029539159
7208,0.5462109
7209,0.521529
7210,0.34900728
7211,0.27377346
7212,0.06020421
7213,0.97819453
7214,0.030769939
7215,0.6110251
7216,0.3215414
7217,0.18942164
7218,0.22331211
7219,0.2252591
7220,0.21635103
7221,0.2785001
7222,0.096830405
7223,0.32770324
7224,0.57379794
7225,0.6328327
7226,0.9814705
7227,0.2773405
7228,0.03546233
7229,0.030674934
7230,0.9970444
7231,0.5453626
7232,0.99877435
7233,0.99716634
7234,0.16636688
7235,0.9984463
7236,0.50849825
7237,0.039650895
7238,0.9985121
7239,0.07084225
7240,0.5771361
7241,0.0639189
7242,0.504505
7243,0.028280167
7244,0.8816488
7245,0.5074983
7246,0.31813893
7247,0.02724027
7248,0.56214654
7249,0.02558072
7250,0.023274682
7251,0.020398708
7252,0.19700705
7253,0.36747804
7254,0.99679935
7255,0.9772723
7256,0.3657145
7257,0.025171645
7258,0.5601233
7259,0.032895643
7260,0.99871194
7261,0.02960855
7262,0.4227982
7263,0.380451
7264,0.34962633
7265,0.27878562
7266,0.03697994
7267,0.05553683
7268,0.30406365
7269,0.2618464
7270,0.99832875
7271,0.021140901
7272,0.29131088
7273,0.4994395
7274,0.033616927
7275,0.35982546
7276,0.5778112
7277,0.049328625
7278,0.032163244
7279,0.9731935
7280,0.026813598
7281,0.4266876
7282,0.49801457
7283,0.2148059
7284,0.9985274
7285,0.99755704
7286,0.2308222
7287,0.026405733
7288,0.1869781
7289,0.03900096
7290,0.3876493
7291,0.04240771
7292,0.3008162
7293,0.27982694
7294,0.99827135
7295,0.5659981
7296,0.39797515
7297,0.42781618
7298,0.37604442
7299,0.033883028
7300,0.43530673
7301,0.9988273
7302,0.54883045
7303,0.41512036
7304,0.37234482
7305,0.4071485
7306,0.52372724
7307,0.31800205
7308,0.020941028
7309,0.020943472
7310,0.02947411
7311,0.038356267
7312,0.08995748
7313,0.5110391
7314,0.47074726
7315,0.99858403
7316,0.13538386
7317,0.037055258
7318,0.99888843
7319,0.051272012
7320,0.025162024
7321,0.49987903
7322,0.028521001
7323,0.033125266
7324,0.028769175
7325,0.02816541
7326,0.38114467
7327,0.034895416
7328,0.99485356
7329,0.04406181
7330,0.9985576
7331,0.029500645
7332,0.9596094
7333,0.082668476
7334,0.039041944
7335,0.9973515
7336,0.99706453
7337,0.02886558
7338,0.022772314
7339,0.43838227
7340,0.55402786
7341,0.9989115
7342,0.26734674
7343,0.04327815
7344,0.3395697
7345,0.3565636
7346,0.20638742
7347,0.40869728
7348,0.6303117
7349,0.025309818
7350,0.04045507
7351,0.28379995
7352,0.3949171
7353,0.25363427
7354,0.04496284
7355,0.06245899
7356,0.07362874
7357,0.971539
7358,0.92204016
7359,0.99849355
7360,0.038375754
7361,0.36324307
7362,0.3388576
7363,0.8070417
7364,0.5275526
7365,0.2836719
7366,0.6576687
7367,0.07922254
7368,0.033376977
7369,0.5909506
7370,0.24474418
7371,0.40579778
7372,0.036833763
7373,0.041466366
7374,0.028863396
7375,0.061801754
7376,0.41981995
7377,0.027152536
7378,0.31615016
7379,0.035270944
7380,0.022017596
7381,0.037682384
7382,0.07219591
7383,0.48812875
7384,0.9569061
7385,0.02500289
7386,0.24128886
7387,0.04928142
7388,0.99864966
7389,0.24264011
7390,0.4009601
7391,0.36205178
7392,0.026965389
7393,0.27351937
7394,0.03824276
7395,0.057896238
7396,0.19324033
7397,0.41808617
7398,0.5336477
7399,0.65655094
7400,0.1893641
7401,0.031218374
7402,0.2219676
7403,0.9986008
7404,0.43660113
7405,0.029470004
7406,0.13858144
7407,0.031564105
7408,0.6105924
7409,0.023407307
7410,0.0451727
7411,0.05251877
7412,0.05344614
7413,0.033920184
7414,0.03700051
7415,0.99675506
7416,0.3734067
7417,0.20220093
7418,0.044864483
7419,0.3861633
7420,0.043306608
7421,0.034889743
7422,0.21794353
7423,0.28508395
7424,0.9989969
7425,0.45230296
7426,0.6074709
7427,0.5201618
7428,0.08726383
7429,0.021858241
7430,0.03473337
7431,0.263669
7432,0.0698462
7433,0.045810018
7434,0.05098909
7435,0.015551982
7436,0.95965934
7437,0.03300604
7438,0.034248535
7439,0.19713795
7440,0.034809604
7441,0.99891114
7442,0.054796185
7443,0.99691415
7444,0.25896484
7445,0.0427257
7446,0.5039086
7447,0.0225505
7448,0.01772738
7449,0.91097206
7450,0.08517427
7451,0.38412276
7452,0.023570474
7453,0.98559433
7454,0.39561203
7455,0.51176363
7456,0.028120326
7457,0.038838793
7458,0.15889052
7459,0.9965444
7460,0.46982136
7461,0.99850464
7462,0.9988709
7463,0.17183527
7464,0.33317795
7465,0.03643401
7466,0.99733293
7467,0.057508085
7468,0.038818657
7469,0.9987651
7470,0.022231393
7471,0.55992085
7472,0.40426606
7473,0.9987998
7474,0.025243405
7475,0.9987099
7476,0.9988796
7477,0.035457283
7478,0.40707332
7479,0.042287614
7480,0.5595115
7481,0.20955656
7482,0.014935612
7483,0.42818666
7484,0.9520527
7485,0.35967278
7486,0.029523391
7487,0.023719465
7488,0.40730748
7489,0.33365387
7490,0.3025016
7491,0.029715847
7492,0.65242624
7493,0.053697746
7494,0.036945924
7495,0.025233071
7496,0.21701871
7497,0.25955454
7498,0.48367423
7499,0.5651452
7500,0.06098691
7501,0.021173889
7502,0.02793291
7503,0.418471
7504,0.16698512
7505,0.026381318
7506,0.4253485
7507,0.04819374
7508,0.45689186
7509,0.0401631
7510,0.019306041
7511,0.9954757
7512,0.9986098
7513,0.058265544
7514,0.9683727
7515,0.9984566
7516,0.65893835
7517,0.06021002
7518,0.36235324
7519,0.032746986
7520,0.022747371
7521,0.48293033
7522,0.45269516
7523,0.99873394
7524,0.031804834
7525,0.02945896
7526,0.22193056
7527,0.5135797
7528,0.046816852
7529,0.29698536
7530,0.37350315
7531,0.99868053
7532,0.34542271
7533,0.36372927
7534,0.99850035
7535,0.65036076
7536,0.027720373
7537,0.053519912
7538,0.2703554
7539,0.032962304
7540,0.037928663
7541,0.37633792
7542,0.4072362
7543,0.039902154
7544,0.51565945
7545,0.04059625
7546,0.042747237
7547,0.99688715
7548,0.28447443
7549,0.16702142
7550,0.43187025
7551,0.56994915
7552,0.032763664
7553,0.028123556
7554,0.629909
7555,0.9799111
7556,0.02576689
7557,0.42021897
7558,0.023618102
7559,0.03849494
7560,0.030887121
7561,0.20059052
7562,0.9972777
7563,0.019801956
7564,0.19971885
7565,0.06282841
7566,0.93937546
7567,0.57738197
7568,0.3262371
7569,0.023363242
7570,0.331628
7571,0.22613361
7572,0.997879
7573,0.43978792
7574,0.99814534
7575,0.40023458
7576,0.038942408
7577,0.9974988
7578,0.042655103
7579,0.04091985
7580,0.3746736
7581,0.02533992
7582,0.02368248
7583,0.4511969
7584,0.41979045
7585,0.37774646
7586,0.720217
7587,0.26436532
7588,0.027815906
7589,0.2872088
7590,0.020409193
7591,0.02059571
7592,0.3310356
7593,0.032500032
7594,0.1546491
7595,0.042955797
7596,0.38965636
7597,0.055327684
7598,0.99834037
7599,0.99731207
7600,0.3904325
7601,0.34874943
7602,0.20801522
7603,0.998716
7604,0.062962115
7605,0.030944243
7606,0.60706925
7607,0.077434614
7608,0.99841166
7609,0.45685744
7610,0.33285013
7611,0.04201414
7612,0.028581649
7613,0.017097807
7614,0.025741538
7615,0.037706304
7616,0.99607456
7617,0.41909337
7618,0.032675967
7619,0.030523706
7620,0.49165368
7621,0.05692061
7622,0.6760104
7623,0.9986368
7624,0.6350277
7625,0.029721936
7626,0.24907444
7627,0.031754658
7628,0.9989134
7629,0.027843714
7630,0.02747185
7631,0.9575174
7632,0.40156287
7633,0.034324154
7634,0.040582687
7635,0.026673613
7636,0.025622554
7637,0.030707004
7638,0.42297885
7639,0.32860377
7640,0.015691398
7641,0.036467787
7642,0.33076227
7643,0.99782026
7644,0.44796544
7645,0.35638013
7646,0.024305062
7647,0.61581516
7648,0.5477945
7649,0.5336686
7650,0.43737042
7651,0.38652393
7652,0.03999122
7653,0.2640407
7654,0.039430164
7655,0.03159436
7656,0.07841699
7657,0.6298063
7658,0.042978264
7659,0.43392798
7660,0.19615526
7661,0.39484647
7662,0.030256467
7663,0.24530813
7664,0.20031919
7665,0.031752992
7666,0.4673213
7667,0.06154803
7668,0.04346208
7669,0.045920864
7670,0.39290723
7671,0.29223773
7672,0.040725235
7673,0.9955022
7674,0.22993845
7675,0.4600967
7676,0.22653271
7677,0.044564757
7678,0.3971265
7679,0.030972417
7680,0.99867696
7681,0.9978194
7682,0.049322397
7683,0.15450582
7684,0.022804325
7685,0.49262092
7686,0.44215542
7687,0.48900187
7688,0.74886906
7689,0.30813512
7690,0.21057752
7691,0.08250058
7692,0.036525283
7693,0.34226072
7694,0.9943768
7695,0.13226523
7696,0.026935996
7697,0.6505731
7698,0.43334
7699,0.022113593
7700,0.43088648
7701,0.028438793
7702,0.033951793
7703,0.4758846
7704,0.998667
7705,0.039409976
7706,0.34916085
7707,0.036348604
7708,0.20087239
7709,0.4895274
7710,0.034193274
7711,0.35414279
7712,0.52397376
7713,0.10188439
7714,0.9974734
7715,0.3418108
7716,0.9978655
7717,0.031327114
7718,0.24691825
7719,0.023476362
7720,0.045940883
7721,0.38716725
7722,0.035169456
7723,0.033155795
7724,0.026239445
7725,0.033750337
7726,0.025333231
7727,0.047311295
7728,0.026198553
7729,0.39932936
7730,0.9988643
7731,0.35964102
7732,0.9989096
7733,0.03540077
7734,0.30224535
7735,0.5498771
7736,0.033954155
7737,0.110583596
7738,0.3170584
7739,0.33194104
7740,0.30724275
7741,0.5344955
7742,0.032100625
7743,0.026774015
7744,0.3633423
7745,0.10170407
7746,0.76547754
7747,0.43775815
7748,0.9969854
7749,0.016302913
7750,0.99881554
7751,0.24588804
7752,0.20100297
7753,0.9987368
7754,0.9936307
7755,0.47706798
7756,0.02363196
7757,0.02606249
7758,0.040085267
7759,0.055287845
7760,0.44928214
7761,0.0989387
7762,0.018820807
7763,0.9948618
7764,0.9988386
7765,0.023754565
7766,0.4825557
7767,0.03322223
7768,0.020509364
7769,0.062162474
7770,0.2969989
7771,0.083078325
7772,0.56807417
7773,0.3859866
7774,0.38339496
7775,0.022706876
7776,0.030696325
7777,0.49707535
7778,0.31282073
7779,0.041836303
7780,0.5828373
7781,0.19733284
7782,0.55667037
7783,0.025881223
7784,0.43432525
7785,0.615782
7786,0.34817156
7787,0.9686132
7788,0.6340507
7789,0.13532312
7790,0.47517896
7791,0.16621616
7792,0.53959906
7793,0.35142094
7794,0.39108878
7795,0.9962882
7796,0.030601619
7797,0.4805105
7798,0.99659026
7799,0.3232046
7800,0.4619547
7801,0.045807555
7802,0.03275827
7803,0.99866164
7804,0.0518581
7805,0.47546855
7806,0.18845332
7807,0.022526924
7808,0.051097773
7809,0.039056435
7810,0.18226574
7811,0.5287277
7812,0.03617312
7813,0.03201339
7814,0.8433235
7815,0.085586175
7816,0.027472075
7817,0.99862087
7818,0.22570446
7819,0.07382149
7820,0.026685003
7821,0.027314192
7822,0.05525448
7823,0.3316392
7824,0.035542067
7825,0.15452997
7826,0.02738964
7827,0.5064797
7828,0.025422009
7829,0.41439512
7830,0.6526523
7831,0.9985656
7832,0.031305466
7833,0.017591473
7834,0.6456696
7835,0.032930315
7836,0.0384107
7837,0.6893689
7838,0.9971105
7839,0.036821984
7840,0.40194544
7841,0.03444512
7842,0.17212504
7843,0.16055496
7844,0.033283114
7845,0.044445656
7846,0.18679032
7847,0.049001113
7848,0.04275337
7849,0.077347375
7850,0.036293477
7851,0.13545682
7852,0.27001265
7853,0.044437565
7854,0.49439013
7855,0.41625157
7856,0.022816015
7857,0.05805053
7858,0.99879706
7859,0.027326096
7860,0.58713007
7861,0.1292576
7862,0.067802824
7863,0.4704601
7864,0.4072596
7865,0.99488586
7866,0.028270619
7867,0.996407
7868,0.016870322
7869,0.039816655
7870,0.4027166
7871,0.99603504
7872,0.024059016
7873,0.5029028
7874,0.035452016
7875,0.3187548
7876,0.0364117
7877,0.35161805
7878,0.029636778
7879,0.6030747
7880,0.031053752
7881,0.2553787
7882,0.35508695
7883,0.9938811
7884,0.9988493
7885,0.038943987
7886,0.39263842
7887,0.9989347
7888,0.97622776
7889,0.2916198
7890,0.19097689
7891,0.1459272
7892,0.045400314
7893,0.24065082
7894,0.9971565
7895,0.5778439
7896,0.3496973
7897,0.998467
7898,0.40590873
7899,0.03837537
7900,0.9953389
7901,0.023254853
7902,0.99869436
7903,0.9987986
7904,0.5174156
7905,0.41431305
7906,0.26958832
7907,0.46221894
7908,0.02636684
7909,0.0217988
7910,0.38963878
7911,0.6025662
7912,0.31306845
7913,0.50112855
7914,0.31019476
7915,0.22210401
7916,0.45274404
7917,0.5273492
7918,0.50661266
7919,0.05488315
7920,0.99811506
7921,0.024592599
7922,0.4794195
7923,0.026775952
7924,0.34092665
7925,0.03002815
7926,0.023085311
7927,0.04890241
7928,0.023325337
7929,0.99885356
7930,0.28653952
7931,0.32582372
7932,0.58984905
7933,0.4533415
7934,0.4712205
7935,0.41430625
7936,0.023757666
7937,0.3517246
7938,0.9682719
7939,0.2790215
7940,0.18447718
7941,0.40520048
7942,0.61738497
7943,0.99539894
7944,0.053281825
7945,0.04817043
7946,0.60789233
7947,0.04062792
7948,0.9802736
7949,0.9971886
7950,0.059680194
7951,0.9721443
7952,0.025052119
7953,0.044117518
7954,0.58017826
7955,0.02079189
7956,0.42597094
7957,0.38631657
7958,0.035704482
7959,0.57660866
7960,0.031757925
7961,0.36560586
7962,0.40805107
7963,0.52383494
7964,0.46941745
7965,0.49721488
7966,0.44750655
7967,0.053391855
7968,0.33247137
7969,0.17929111
7970,0.86246634
7971,0.6792981
7972,0.04240552
7973,0.0873188
7974,0.39801407
7975,0.48969188
7976,0.9962148
7977,0.7124687
7978,0.23828338
7979,0.74887955
7980,0.017959185
7981,0.28340793
7982,0.32419378
7983,0.030945174
7984,0.01939905
7985,0.0297507
7986,0.30351683
7987,0.55882937
7988,0.19381782
7989,0.5118268
7990,0.9988439
7991,0.04237798
7992,0.034785487
7993,0.99876595
7994,0.30745137
7995,0.027939238
7996,0.02396184
7997,0.272255
7998,0.050021004
7999,0.03275317
8000,0.2506506
8001,0.029005969
8002,0.452763
8003,0.9975551
8004,0.03239497
8005,0.16621616
8006,0.29598728
8007,0.3646866
8008,0.028479729
8009,0.9635711
8010,0.6903895
8011,0.49122655
8012,0.032027636
8013,0.068453416
8014,0.4054141
8015,0.2970506
8016,0.39771417
8017,0.9790549
8018,0.022105835
8019,0.023087436
8020,0.042903066
8021,0.6763508
8022,0.4211114
8023,0.032389335
8024,0.45463064
8025,0.16105784
8026,0.0313579
8027,0.22499828
8028,0.9891783
8029,0.18873437
8030,0.14742768
8031,0.023919977
8032,0.9971322
8033,0.5608901
8034,0.3626983
8035,0.035515722
8036,0.18445753
8037,0.35727912
8038,0.56152534
8039,0.27457672
8040,0.16438836
8041,0.48694357
8042,0.98729193
8043,0.03351242
8044,0.038039148
8045,0.9955439
8046,0.15538894
8047,0.42109534
8048,0.4829885
8049,0.32711107
8050,0.029557845
8051,0.022633377
8052,0.2450485
8053,0.019177128
8054,0.6123187
8055,0.026587078
8056,0.04009623
8057,0.9982961
8058,0.19264154
8059,0.07505886
8060,0.0267406
8061,0.44648317
8062,0.040791675
8063,0.19239807
8064,0.039024252
8065,0.47240326
8066,0.34083256
8067,0.01675071
8068,0.29255494
8069,0.028161673
8070,0.531292
8071,0.36849725
8072,0.73925513
8073,0.99810094
8074,0.043738354
8075,0.1537667
8076,0.02965813
8077,0.056910384
8078,0.42747244
8079,0.030425241
8080,0.26863527
8081,0.6996922
8082,0.23097757
8083,0.987793
8084,0.044324286
8085,0.029569317
8086,0.4158854
8087,0.03280372
8088,0.99514955
8089,0.046846095
8090,0.5521755
8091,0.03155499
8092,0.9721886
8093,0.1464078
8094,0.03505375
8095,0.060193606
8096,0.9973654
8097,0.15002252
8098,0.99867684
8099,0.023695532
8100,0.037462674
8101,0.9984658
8102,0.55284446
8103,0.0257974
8104,0.17341228
8105,0.7562675
8106,0.6051839
8107,0.034503013
8108,0.9987465
8109,0.4709086
8110,0.9987764
8111,0.0197288
8112,0.5298792
8113,0.64243126
8114,0.01771824
8115,0.024095498
8116,0.9974953
8117,0.13982332
8118,0.029986449
8119,0.6108202
8120,0.023981508
8121,0.028655058
8122,0.33396593
8123,0.04001822
8124,0.028966844
8125,0.9952142
8126,0.030228904
8127,0.32933596
8128,0.028146354
8129,0.0805909
8130,0.99857605
8131,0.2123955
8132,0.045564093
8133,0.03859717
8134,0.02919606
8135,0.44841936
8136,0.9789451
8137,0.019743713
8138,0.9972466
8139,0.8310384
8140,0.05278827
8141,0.9986644
8142,0.026948404
8143,0.017106824
8144,0.56141824
8145,0.31908083
8146,0.2659366
8147,0.5262152
8148,0.07273005
8149,0.6119822
8150,0.5559912
8151,0.032501124
8152,0.046268716
8153,0.014604747
8154,0.20650731
8155,0.7790679
8156,0.9988275
8157,0.025870917
8158,0.24810515
8159,0.9356297
8160,0.026351761
8161,0.028307863
8162,0.027431928
8163,0.04336653
8164,0.2866281
8165,0.5036084
8166,0.50379574
8167,0.9928727
8168,0.62206054
8169,0.9985078
8170,0.2793911
8171,0.4534342
8172,0.52875257
8173,0.03197613
8174,0.11266082
8175,0.9987501
8176,0.9985594
8177,0.41897196
8178,0.03874098
8179,0.09245352
8180,0.48303357
8181,0.036908906
8182,0.029218057
8183,0.03268622
8184,0.6609244
8185,0.036822423
8186,0.82617855
8187,0.9968328
8188,0.83709794
8189,0.03468984
8190,0.033144545
8191,0.30566144
8192,0.36650258
8193,0.38367224
8194,0.99833727
8195,0.06061063
8196,0.9051501
8197,0.03737055
8198,0.031999685
8199,0.63304204
8200,0.34858185
8201,0.47638467
8202,0.033908963
8203,0.023721945
8204,0.029213762
8205,0.25608218
8206,0.50550514
8207,0.9974534
8208,0.32236522
8209,0.20175837
8210,0.52960414
8211,0.6755096
8212,0.048164092
8213,0.42500213
8214,0.46793994
8215,0.998686
8216,0.028422125
8217,0.32698718
8218,0.027895397
8219,0.54166454
8220,0.02076948
8221,0.36477327
8222,0.16665867
8223,0.60171235
8224,0.965167
8225,0.3399479
8226,0.7331616
8227,0.031919196
8228,0.38159496
8229,0.016027486
8230,0.023632878
8231,0.32357287
8232,0.9985979
8233,0.45747522
8234,0.18391019
8235,0.048991572
8236,0.030465849
8237,0.02637348
8238,0.3698781
8239,0.38500735
8240,0.046827596
8241,0.55091
8242,0.11735436
8243,0.015221108
8244,0.18244411
8245,0.99728906
8246,0.06510482
8247,0.06473952
8248,0.5327096
8249,0.027233267
8250,0.9568126
8251,0.45737275
8252,0.9954281
8253,0.5173387
8254,0.0318851
8255,0.037434332
8256,0.9970552
8257,0.4450481
8258,0.029778164
8259,0.02396728
8260,0.023650903
8261,0.070138134
8262,0.4443799
8263,0.44870913
8264,0.23098779
8265,0.3082914
8266,0.9968444
8267,0.018518979
8268,0.28735903
8269,0.03224245
8270,0.031366654
8271,0.02519686
8272,0.029513186
8273,0.40672052
8274,0.35926682
8275,0.5969523
8276,0.997693
8277,0.46173275
8278,0.429285
8279,0.31067178
8280,0.031259913
8281,0.3946935
8282,0.35700342
8283,0.9986671
8284,0.9985942
8285,0.2365151
8286,0.64327097
8287,0.116013646
8288,0.025792308
8289,0.46726257
8290,0.029775167
8291,0.21864821
8292,0.032044884
8293,0.026067313
8294,0.7321367
8295,0.99858344
8296,0.02940195
8297,0.23430976
8298,0.19705449
8299,0.99865556
8300,0.9293762
8301,0.18231283
8302,0.99705446
8303,0.018941563
8304,0.20623688
8305,0.2741001
8306,0.06030842
8307,0.23021024
8308,0.16715115
8309,0.04043179
8310,0.031883545
8311,0.9973596
8312,0.021755263
8313,0.5112396
8314,0.0322601
8315,0.060699426
8316,0.53446466
8317,0.85713214
8318,0.22508359
8319,0.99868554
8320,0.031674918
8321,0.26661548
8322,0.998706
8323,0.037109494
8324,0.99849796
8325,0.031355016
8326,0.97751313
8327,0.2323417
8328,0.9973821
8329,0.6280876
8330,0.98252
8331,0.031035138
8332,0.4356642
8333,0.9821259
8334,0.034531455
8335,0.049339
8336,0.37163442
8337,0.97577965
8338,0.07108957
8339,0.022400502
8340,0.37036803
8341,0.35077813
8342,0.74623436
8343,0.32021064
8344,0.387183
8345,0.66964734
8346,0.9988489
8347,0.028205566
8348,0.9802449
8349,0.31728
8350,0.049997464
8351,0.025021723
8352,0.02567716
8353,0.024758045
8354,0.031994272
8355,0.025029842
8356,0.3116871
8357,0.04794538
8358,0.044184964
8359,0.03207029
8360,0.997546
8361,0.5481524
8362,0.34583148
8363,0.17341228
8364,0.536532
8365,0.01975532
8366,0.03386464
8367,0.6212858
8368,0.036663033
8369,0.04189686
8370,0.037017677
8371,0.7748521
8372,0.01905922
8373,0.0302652
8374,0.9808059
8375,0.99717474
8376,0.03205657
8377,0.55215144
8378,0.26099688
8379,0.33230627
8380,0.030655205
8381,0.37770292
8382,0.032977387
8383,0.3738179
8384,0.038956936
8385,0.054437313
8386,0.6787254
8387,0.99884653
8388,0.97944164
8389,0.5431004
8390,0.026351308
8391,0.3397499
8392,0.02071573
8393,0.34226334
8394,0.9636107
8395,0.1486373
8396,0.51652694
8397,0.041148186
8398,0.028599089
8399,0.92960614
8400,0.29961646
8401,0.044525493
8402,0.54711646
8403,0.9966767
8404,0.9951584
8405,0.5804022
8406,0.032519206
8407,0.04019883
8408,0.028907854
8409,0.2380068
8410,0.20723715
8411,0.023388846
8412,0.39600018
8413,0.5413622
8414,0.5676468
8415,0.25271514
8416,0.31239694
8417,0.40368646
8418,0.026459903
8419,0.043413203
8420,0.10091913
8421,0.11289381
8422,0.9065319
8423,0.3311438
8424,0.6677611
8425,0.038311772
8426,0.019790173
8427,0.04234842
8428,0.99862695
8429,0.14568724
8430,0.031368468
8431,0.55131316
8432,0.0427442
8433,0.020993033
8434,0.5412292
8435,0.026878048
8436,0.07614674
8437,0.3882437
8438,0.6325344
8439,0.037507847
8440,0.03920168
8441,0.49223778
8442,0.7393468
8443,0.020526288
8444,0.30409133
8445,0.44720992
8446,0.24978566
8447,0.022442836
8448,0.041436195
8449,0.020124951
8450,0.03619087
8451,0.2444032
8452,0.04460548
8453,0.97530717
8454,0.24143636
8455,0.2320458
8456,0.04405691
8457,0.42606968
8458,0.34362692
8459,0.9976725
8460,0.9968681
8461,0.031147527
8462,0.28710076
8463,0.05195278
8464,0.31425917
8465,0.034664355
8466,0.041283518
8467,0.38689464
8468,0.0288635
8469,0.5240174
8470,0.18034379
8471,0.39171126
8472,0.5650462
8473,0.99537367
8474,0.47502914
8475,0.5386711
8476,0.0175441
8477,0.60399705
8478,0.04053651
8479,0.041424256
8480,0.032254446
8481,0.5281804
8482,0.5412509
8483,0.9986816
8484,0.03515405
8485,0.033092022
8486,0.0370829
8487,0.03242353
8488,0.43559533
8489,0.04513104
8490,0.034251682
8491,0.04369718
8492,0.40530726
8493,0.070620164
8494,0.04790118
8495,0.3372601
8496,0.04699699
8497,0.03945197
8498,0.38614246
8499,0.78986126
8500,0.028062958
8501,0.021823838
8502,0.9979656
8503,0.3522675
8504,0.21435969
8505,0.99848974
8506,0.6093932
8507,0.2570099
8508,0.68889886
8509,0.17255013
8510,0.9974432
8511,0.81692296
8512,0.34142566
8513,0.6232624
8514,0.040608075
8515,0.21400794
8516,0.035991933
8517,0.48506156
8518,0.4344601
8519,0.041390233
8520,0.3198468
8521,0.3589585
8522,0.40854043
8523,0.99694306
8524,0.026388997
8525,0.06994336
8526,0.032008026
8527,0.20240869
8528,0.19279592
8529,0.7357474
8530,0.1396115
8531,0.33233675
8532,0.121776186
8533,0.33323514
8534,0.99838185
8535,0.11346653
8536,0.99810445
8537,0.99686974
8538,0.16347697
8539,0.4232149
8540,0.21330829
8541,0.2414053
8542,0.034154236
8543,0.024647258
8544,0.17203265
8545,0.092668995
8546,0.5695673
8547,0.99329644
8548,0.22004959
8549,0.0364731
8550,0.03555557
8551,0.5415546
8552,0.48488605
8553,0.022878934
8554,0.49434707
8555,0.027742974
8556,0.038651966
8557,0.9985846
8558,0.044591766
8559,0.35013983
8560,0.023431005
8561,0.19757818
8562,0.04042837
8563,0.032953393
8564,0.022251006
8565,0.019775478
8566,0.07461661
8567,0.61573434
8568,0.019999921
8569,0.0283125
8570,0.9969909
8571,0.028582482
8572,0.45770448
8573,0.39688864
8574,0.4569537
8575,0.99872226
8576,0.22961159
8577,0.02624229
8578,0.99873203
8579,0.019543413
8580,0.06533896
8581,0.51872444
8582,0.03422394
8583,0.9987224
8584,0.66626835
8585,0.35794368
8586,0.08318942
8587,0.48543012
8588,0.9980623
8589,0.24690565
8590,0.51624733
8591,0.5802227
8592,0.03434482
8593,0.99857163
8594,0.01958896
8595,0.7514335
8596,0.6921052
8597,0.017302884
8598,0.9964552
8599,0.9970433
8600,0.9985972
8601,0.3936684
8602,0.031298455
8603,0.021038005
8604,0.5676359
8605,0.40242982
8606,0.054455526
8607,0.3636665
8608,0.9987488
8609,0.08192145
8610,0.55901116
8611,0.2050101
8612,0.25529158
8613,0.04829417
8614,0.03453069
8615,0.17397356
8616,0.55441374
8617,0.9756943
8618,0.976659
8619,0.99608105
8620,0.02977748
8621,0.05691786
8622,0.015694859
8623,0.20168407
8624,0.9985103
8625,0.041248213
8626,0.3654172
8627,0.5224149
8628,0.025131308
8629,0.22365914
8630,0.38669103
8631,0.56166255
8632,0.23282892
8633,0.99427223
8634,0.03449178
8635,0.035019256
8636,0.36423412
8637,0.023548
8638,0.535642
8639,0.029468123
8640,0.09321105
8641,0.09750424
8642,0.021837335
8643,0.08381549
8644,0.556999
8645,0.034244567
8646,0.5845082
8647,0.036851674
8648,0.027660219
8649,0.03149177
8650,0.41171512
8651,0.024910929
8652,0.67827755
8653,0.25326467
8654,0.4088963
8655,0.65104234
8656,0.9988098
8657,0.39282173
8658,0.38636526
8659,0.49314502
8660,0.4160239
8661,0.3495465
8662,0.57697254
8663,0.33147618
8664,0.033620764
8665,0.32937914
8666,0.99489814
8667,0.027743302
8668,0.030261947
8669,0.9976179
8670,0.63947046
8671,0.034125738
8672,0.9987826
8673,0.023094367
8674,0.998697
8675,0.022233838
8676,0.024147838
8677,0.10132578
8678,0.21229404
8679,0.4067546
8680,0.5484366
8681,0.5313132
8682,0.18467884
8683,0.023594318
8684,0.06229489
8685,0.17562951
8686,0.5503432
8687,0.060096625
8688,0.490503
8689,0.03428388
8690,0.040201064
8691,0.48704574
8692,0.47110522
8693,0.9957211
8694,0.07257626
8695,0.19264609
8696,0.25386584
8697,0.9986802
8698,0.019299565
8699,0.14792836
8700,0.478794
8701,0.99826753
8702,0.61403966
8703,0.043517888
8704,0.06322888
8705,0.030414417
8706,0.99854505
8707,0.42578027
8708,0.96386933
8709,0.023148164
8710,0.2850026
8711,0.9989755
8712,0.67222
8713,0.57901466
8714,0.9985752
8715,0.20877989
8716,0.42686832
8717,0.9727386
8718,0.56509364
8719,0.1943131
8720,0.021594992
8721,0.35028136
8722,0.99840933
8723,0.9986021
8724,0.44003743
8725,0.7191089
8726,0.021400286
8727,0.19939837
8728,0.49917048
8729,0.34506798
8730,0.23199596
8731,0.026751839
8732,0.29958677
8733,0.18264319
8734,0.14451356
8735,0.034836985
8736,0.061777852
8737,0.040077697
8738,0.9940633
8739,0.04314732
8740,0.032801714
8741,0.03350666
8742,0.069762655
8743,0.07441727
8744,0.10742981
8745,0.99686015
8746,0.02784419
8747,0.23406534
8748,0.2858476
8749,0.07163478
8750,0.21375707
8751,0.3229802
8752,0.47706035
8753,0.9987331
8754,0.30645698
8755,0.030226283
8756,0.36812517
8757,0.9646171
8758,0.6756362
8759,0.030566879
8760,0.028561518
8761,0.40652132
8762,0.9985825
8763,0.034104574
8764,0.38050705
8765,0.035664223
8766,0.45991284
8767,0.0849154
8768,0.23254095
8769,0.55391705
8770,0.39276624
8771,0.038122684
8772,0.08567578
8773,0.9980286
8774,0.9986424
8775,0.19207723
8776,0.037428576
8777,0.99866164
8778,0.02108311
8779,0.37920722
8780,0.024139743
8781,0.036744133
8782,0.0363799
8783,0.04646963
8784,0.99451977
8785,0.041646525
8786,0.253944
8787,0.9755223
8788,0.06223831
8789,0.025288275
8790,0.0526277
8791,0.46637413
8792,0.09570596
8793,0.60963124
8794,0.6258662
8795,0.030660912
8796,0.33739778
8797,0.02276481
8798,0.023385633
8799,0.1903597
8800,0.027641071
8801,0.044143587
8802,0.4028165
8803,0.6280806
8804,0.06680601
8805,0.6233582
8806,0.018753136
8807,0.17383477
8808,0.021187097
8809,0.97517574
8810,0.025013309
8811,0.26520854
8812,0.027759947
8813,0.034457017
8814,0.40637028
8815,0.111027405
8816,0.29644942
8817,0.03758756
8818,0.99854326
8819,0.044130098
8820,0.027274769
8821,0.97873735
8822,0.027591538
8823,0.032406624
8824,0.062401697
8825,0.025529057
8826,0.02936085
8827,0.9988662
8828,0.074093714
8829,0.50800186
8830,0.7442914
8831,0.030307816
8832,0.46026632
8833,0.030995745
8834,0.8341647
8835,0.6557357
8836,0.6552178
8837,0.9984126
8838,0.047909796
8839,0.52063274
8840,0.997558
8841,0.31072015
8842,0.037078295
8843,0.020328142
8844,0.41451395
8845,0.2059676
8846,0.26611957
8847,0.23475686
8848,0.6083134
8849,0.48786423
8850,0.38190478
8851,0.018194811
8852,0.02515271
8853,0.083895735
8854,0.42218736
8855,0.027393203
8856,0.027115233
8857,0.044429176
8858,0.8725368
8859,0.24095015
8860,0.9966852
8861,0.67527497
8862,0.26824266
8863,0.1791937
8864,0.031922873
8865,0.97620934
8866,0.039905358
8867,0.33858797
8868,0.37719986
8869,0.031629413
8870,0.26929152
8871,0.6665298
8872,0.996222
8873,0.15065305
8874,0.029200736
8875,0.9976172
8876,0.28393614
8877,0.03975948
8878,0.4095893
8879,0.383042
8880,0.43937808
8881,0.033850513
8882,0.99868995
8883,0.2111339
8884,0.031127887
8885,0.09018663
8886,0.056196995
8887,0.15221795
8888,0.5447422
8889,0.27387503
8890,0.37672332
8891,0.029067459
8892,0.25338444
8893,0.55375254
8894,0.44363073
8895,0.17550199
8896,0.3004438
8897,0.9988644
8898,0.20891443
8899,0.16049418
8900,0.036065117
8901,0.52781415
8902,0.032080743
8903,0.04441954
8904,0.15181221
8905,0.02903157
8906,0.3578395
8907,0.49999046
8908,0.046954375
8909,0.5933376
8910,0.4155109
8911,0.45879832
8912,0.2352883
8913,0.38561243
8914,0.7660165
8915,0.066231646
8916,0.038527165
8917,0.028295754
8918,0.059251316
8919,0.99642015
8920,0.363055
8921,0.3838038
8922,0.99887234
8923,0.03333223
8924,0.027530486
8925,0.028463138
8926,0.4436612
8927,0.22673702
8928,0.32679233
8929,0.027042007
8930,0.99852043
8931,0.40853897
8932,0.5381509
8933,0.9969643
8934,0.99840623
8935,0.044471163
8936,0.08531155
8937,0.4106613
8938,0.020646775
8939,0.066086926
8940,0.06308056
8941,0.019387675
8942,0.04567057
8943,0.51182413
8944,0.015638554
8945,0.4459369
8946,0.9984824
8947,0.034856264
8948,0.04583546
8949,0.019988313
8950,0.49242166
8951,0.080923766
8952,0.34464285
8953,0.9987783
8954,0.53688467
8955,0.4738417
8956,0.025988655
8957,0.026056878
8958,0.9732159
8959,0.034207907
8960,0.6732994
8961,0.3392194
8962,0.50274915
8963,0.39278272
8964,0.02308266
8965,0.020879028
8966,0.020730749
8967,0.37848487
8968,0.18104288
8969,0.6345018
8970,0.02369593
8971,0.39660168
8972,0.35251826
8973,0.063876905
8974,0.6356958
8975,0.029742641
8976,0.98179376
8977,0.026544
8978,0.028250538
8979,0.7543115
8980,0.9972343
8981,0.49270904
8982,0.61452204
8983,0.4039082
8984,0.6982542
8985,0.079819985
8986,0.02118297
8987,0.99575704
8988,0.3133353
8989,0.040466953
8990,0.03417441
8991,0.99640816
8992,0.25710523
8993,0.45014197
8994,0.23332961
8995,0.5707776
8996,0.030629387
8997,0.31953964
8998,0.59521466
8999,0.031196779
9000,0.9986273
9001,0.9317564
9002,0.50605
9003,0.25133315
9004,0.99854505
9005,0.9950965
9006,0.47536185
9007,0.99791807
9008,0.05296986
9009,0.041731738
9010,0.9986028
9011,0.28058738
9012,0.38271502
9013,0.21065658
9014,0.11511774
9015,0.99849164
9016,0.065139435
9017,0.6544057
9018,0.40739772
9019,0.041162618
9020,0.029160162
9021,0.99862814
9022,0.47224006
9023,0.04311074
9024,0.22251955
9025,0.45158526
9026,0.041349027
9027,0.5560283
9028,0.024571374
9029,0.026472114
9030,0.036310792
9031,0.39284766
9032,0.9949051
9033,0.47460207
9034,0.05946208
9035,0.50233215
9036,0.5474842
9037,0.3158523
9038,0.029442541
9039,0.029489381
9040,0.04139853
9041,0.3797056
9042,0.43396425
9043,0.025666354
9044,0.021202521
9045,0.02946703
9046,0.022145825
9047,0.046441082
9048,0.99876714
9049,0.03557802
9050,0.049551427
9051,0.40295509
9052,0.034061473
9053,0.697355
9054,0.3475175
9055,0.05126706
9056,0.7214493
9057,0.9970188
9058,0.022666004
9059,0.022215586
9060,0.3042687
9061,0.9987047
9062,0.11456411
9063,0.49190354
9064,0.9984199
9065,0.44544613
9066,0.02833674
9067,0.3269976
9068,0.21108073
9069,0.03223793
9070,0.07259047
9071,0.3771685
9072,0.062859215
9073,0.5745384
9074,0.33963868
9075,0.017496692
9076,0.41648597
9077,0.2802818
9078,0.027672632
9079,0.48829493
9080,0.025305282
9081,0.040935922
9082,0.20932682
9083,0.19078092
9084,0.40338364
9085,0.026019018
9086,0.03318488
9087,0.031194918
9088,0.19700705
9089,0.06290582
9090,0.56677824
9091,0.47078398
9092,0.3587338
9093,0.996732
9094,0.03781112
9095,0.030010697
9096,0.482323
9097,0.6508799
9098,0.998434
9099,0.3527393
9100,0.4870657
9101,0.36644003
9102,0.15943256
9103,0.027161255
9104,0.9951167
9105,0.39560965
9106,0.38928762
9107,0.98387504
9108,0.41401985
9109,0.998621
9110,0.029924188
9111,0.28124428
9112,0.5007372
9113,0.24393685
9114,0.012559016
9115,0.9976342
9116,0.04366694
9117,0.030950282
9118,0.5849498
9119,0.021473868
9120,0.41881466
9121,0.9984856
9122,0.026980013
9123,0.042401914
9124,0.20600432
9125,0.03970742
9126,0.3948304
9127,0.99727553
9128,0.9985245
9129,0.42863315
9130,0.39541966
9131,0.028058017
9132,0.35566798
9133,0.047916524
9134,0.02201151
9135,0.027676243
9136,0.5887263
9137,0.29869786
9138,0.48751193
9139,0.61645913
9140,0.024552658
9141,0.03712394
9142,0.9709136
9143,0.21899761
9144,0.029659431
9145,0.3223614
9146,0.027663175
9147,0.844969
9148,0.041970115
9149,0.02835979
9150,0.043012727
9151,0.31616995
9152,0.50258434
9153,0.040095836
9154,0.18694732
9155,0.26109865
9156,0.04361838
9157,0.3913648
9158,0.5832859
9159,0.75511885
9160,0.046065763
9161,0.023962783
9162,0.034230914
9163,0.020329291
9164,0.45505738
9165,0.9985166
9166,0.5343297
9167,0.60412264
9168,0.28039175
9169,0.020928573
9170,0.030585103
9171,0.4069563
9172,0.04767076
9173,0.4679822
9174,0.2070423
9175,0.03137324
9176,0.3912873
9177,0.3777936
9178,0.07831769
9179,0.044668905
9180,0.03316094
9181,0.081906214
9182,0.99873143
9183,0.68962246
9184,0.42860126
9185,0.026209405
9186,0.6055745
9187,0.9988102
9188,0.9985689
9189,0.8478474
9190,0.07496302
9191,0.034165822
9192,0.3837796
9193,0.46734113
9194,0.14122646
9195,0.21559632
9196,0.73862803
9197,0.17110865
9198,0.022105979
9199,0.031678837
9200,0.04953215
9201,0.586976
9202,0.9986292
9203,0.3578953
9204,0.4521604
9205,0.5965005
9206,0.33500853
9207,0.55578715
9208,0.60621
9209,0.69190454
9210,0.53533477
9211,0.37803727
9212,0.39426076
9213,0.50164443
9214,0.047641467
9215,0.3742723
9216,0.5379324
9217,0.029042533
9218,0.037303418
9219,0.9962041
9220,0.5364172
9221,0.03147753
9222,0.41538405
9223,0.97918427
9224,0.9979315
9225,0.34647495
9226,0.99787295
9227,0.47401783
9228,0.5406238
9229,0.11107985
9230,0.22949842
9231,0.045134936
9232,0.34020072
9233,0.47129548
9234,0.43292695
9235,0.996651
9236,0.062214196
9237,0.031995498
9238,0.4931975
9239,0.04903212
9240,0.6212167
9241,0.06692811
9242,0.22155444
9243,0.02098588
9244,0.6402158
9245,0.51427907
9246,0.019834258
9247,0.5729701
9248,0.4371254
9249,0.036553435
9250,0.5220768
9251,0.56049454
9252,0.45721132
9253,0.022671044
9254,0.03285586
9255,0.032865785
9256,0.43679783
9257,0.9966186
9258,0.31479305
9259,0.029417502
9260,0.7573905
9261,0.3757623
9262,0.03548453
9263,0.57410294
9264,0.18741414
9265,0.4985399
9266,0.42862982
9267,0.95894665
9268,0.99329513
9269,0.42151594
9270,0.60376513
9271,0.9976767
9272,0.6087327
9273,0.4691161
9274,0.20925295
9275,0.026633272
9276,0.49617139
9277,0.99613816
9278,0.9143618
9279,0.9972861
9280,0.04369493
9281,0.038442437
9282,0.033193126
9283,0.53697455
9284,0.9966732
9285,0.021079285
9286,0.2559235
9287,0.07039087
9288,0.2911127
9289,0.9824326
9290,0.027328499
9291,0.24156313
9292,0.042576857
9293,0.37531814
9294,0.50533944
9295,0.02039066
9296,0.045901515
9297,0.029852051
9298,0.51278806
9299,0.2926526
9300,0.024999723
9301,0.04138332
9302,0.5393205
9303,0.030708514
9304,0.38084722
9305,0.53380805
9306,0.97531295
9307,0.6195631
9308,0.032923505
9309,0.36929688
9310,0.99884295
9311,0.9958158
9312,0.03600819
9313,0.5149094
9314,0.6911105
9315,0.034556318
9316,0.057219833
9317,0.5815673
9318,0.025800822
9319,0.07445336
9320,0.10501935
9321,0.07651961
9322,0.055862274
9323,0.02281116
9324,0.53074574
9325,0.021632977
9326,0.3940584
9327,0.03144313
9328,0.026222272
9329,0.17750497
9330,0.03413828
9331,0.32492065
9332,0.60743076
9333,0.3648039
9334,0.18946421
9335,0.3847749
9336,0.04985338
9337,0.34265855
9338,0.2557596
9339,0.03416839
9340,0.17902581
9341,0.29339832
9342,0.7784274
9343,0.44661495
9344,0.117940985
9345,0.6086213
9346,0.5725157
9347,0.43822253
9348,0.21701305
9349,0.55607235
9350,0.024668995
9351,0.03950837
9352,0.43944335
9353,0.03578725
9354,0.35627326
9355,0.01009345
9356,0.59813476
9357,0.029064612
9358,0.051574957
9359,0.021072878
9360,0.087957844
9361,0.48291242
9362,0.031897794
9363,0.9973199
9364,0.061958704
9365,0.5006861
9366,0.0290943
9367,0.088882215
9368,0.023562936
9369,0.5968137
9370,0.11559989
9371,0.40532917
9372,0.23290919
9373,0.9970079
9374,0.033225667
9375,0.20019329
9376,0.5104914
9377,0.036838118
9378,0.99863416
9379,0.039353147
9380,0.043518614
9381,0.34942135
9382,0.036849678
9383,0.30431715
9384,0.27907315
9385,0.066067316
9386,0.5104197
9387,0.1989916
9388,0.99874663
9389,0.30771765
9390,0.031022694
9391,0.18409933
9392,0.022705978
9393,0.9985826
9394,0.62280273
9395,0.06898611
9396,0.4035781
9397,0.99720615
9398,0.5387539
9399,0.052777205
9400,0.039222203
9401,0.99453366
9402,0.032207727
9403,0.16413207
9404,0.44879386
9405,0.36829585
9406,0.36267248
9407,0.99766576
9408,0.028581964
9409,0.4720154
9410,0.7468195
9411,0.4561266
9412,0.03586311
9413,0.024645299
9414,0.97362274
9415,0.16361012
9416,0.375479
9417,0.461128
9418,0.021762572
9419,0.30455232
9420,0.4471752
9421,0.21701539
9422,0.99892277
9423,0.31495532
9424,0.087202094
9425,0.44769892
9426,0.48027906
9427,0.6449031
9428,0.07661976
9429,0.9987042
9430,0.032384556
9431,0.35435656
9432,0.35940745
9433,0.20313607
9434,0.027696261
9435,0.29615507
9436,0.39770287
9437,0.5850349
9438,0.99882656
9439,0.024601603
9440,0.6185868
9441,0.5596868
9442,0.27414328
9443,0.9974451
9444,0.5305629
9445,0.26685157
9446,0.5719736
9447,0.5150163
9448,0.3086468
9449,0.02169782
9450,0.17391147
9451,0.032241434
9452,0.5004657
9453,0.03256795
9454,0.33440617
9455,0.027263202
9456,0.18005721
9457,0.51074034
9458,0.35989827
9459,0.50487244
9460,0.12542365
9461,0.25245038
9462,0.51390845
9463,0.47807926
9464,0.02574219
9465,0.9934418
9466,0.47019142
9467,0.020412043
9468,0.99878293
9469,0.05022344
9470,0.03088465
9471,0.053122688
9472,0.065467924
9473,0.021817772
9474,0.5318368
9475,0.4877176
9476,0.03015232
9477,0.6664816
9478,0.109893225
9479,0.077222
9480,0.46770087
9481,0.06882924
9482,0.99881834
9483,0.35522845
9484,0.61763966
9485,0.69767267
9486,0.030548748
9487,0.22586179
9488,0.08945567
9489,0.46407264
9490,0.4482637
9491,0.998787
9492,0.05143504
9493,0.028212016
9494,0.043885056
9495,0.4361662
9496,0.536524
9497,0.59087735
9498,0.029915167
9499,0.21025757
9500,0.39015186
9501,0.3390148
9502,0.07775837
9503,0.054717306
9504,0.034048565
9505,0.03292554
9506,0.023002595
9507,0.038174327
9508,0.060658887
9509,0.030712102
9510,0.05736631
9511,0.74077034
9512,0.52520895
9513,0.17066516
9514,0.48282775
9515,0.13356619
9516,0.039703075
9517,0.9972855
9518,0.42850852
9519,0.14851913
9520,0.5374829
9521,0.037106432
9522,0.055879302
9523,0.03382092
9524,0.23379332
9525,0.0237193
9526,0.046409924
9527,0.9833297
9528,0.9985415
9529,0.28320444
9530,0.19659866
9531,0.0760021
9532,0.20924857
9533,0.42923254
9534,0.56482357
9535,0.4506346
9536,0.30558175
9537,0.022867877
9538,0.023347137
9539,0.54195607
9540,0.9982765
9541,0.52961063
9542,0.45035172
9543,0.47190017
9544,0.023107626
9545,0.9784347
9546,0.41218832
9547,0.028037423
9548,0.041193116
9549,0.030288832
9550,0.017455557
9551,0.59433657
9552,0.99869066
9553,0.02034343
9554,0.08233209
9555,0.5701657
9556,0.038531683
9557,0.025314651
9558,0.17856045
9559,0.31201935
9560,0.15715998
9561,0.017846307
9562,0.5956253
9563,0.035949413
9564,0.048170626
9565,0.027529512
9566,0.23155189
9567,0.022427537
9568,0.99609345
9569,0.016612455
9570,0.9986702
9571,0.40786308
9572,0.57912976
9573,0.034391128
9574,0.574932
9575,0.030478753
9576,0.019946845
9577,0.3077333
9578,0.996269
9579,0.998754
9580,0.9972676
9581,0.5390545
9582,0.5391831
9583,0.9396368
9584,0.06039515
9585,0.036003415
9586,0.07885103
9587,0.020400515
9588,0.027967488
9589,0.4036472
9590,0.043353755
9591,0.47259188
9592,0.30683002
9593,0.0359138
9594,0.045550566
9595,0.0324302
9596,0.5086556
9597,0.05124554
9598,0.6462779
9599,0.0633863
9600,0.021787716
9601,0.16865988
9602,0.032865394
9603,0.055074345
9604,0.36903393
9605,0.03113691
9606,0.037677877
9607,0.09316173
9608,0.034971695
9609,0.20533408
9610,0.5835453
9611,0.9984289
9612,0.99884075
9613,0.9984946
9614,0.3848489
9615,0.04266265
9616,0.057138536
9617,0.5686634
9618,0.03714908
9619,0.99872273
9620,0.17021678
9621,0.56707644
9622,0.022483395
9623,0.020210057
9624,0.039707627
9625,0.23043388
9626,0.9984017
9627,0.4983312
9628,0.036119197
9629,0.13438919
9630,0.9988626
9631,0.59619606
9632,0.38068074
9633,0.19139457
9634,0.9970816
9635,0.030585535
9636,0.01932008
9637,0.023995146
9638,0.32337716
9639,0.43511644
9640,0.035113193
9641,0.18211691
9642,0.66420937
9643,0.4539454
9644,0.20534426
9645,0.032722082
9646,0.4467909
9647,0.035841893
9648,0.3680038
9649,0.9989248
9650,0.99835443
9651,0.13038442
9652,0.028286316
9653,0.32289317
9654,0.24835084
9655,0.17129545
9656,0.04678837
9657,0.5620429
9658,0.18138288
9659,0.03771042
9660,0.17500953
9661,0.033304475
9662,0.998872
9663,0.02863003
9664,0.017173376
9665,0.062804155
9666,0.055495627
9667,0.34861523
9668,0.48249534
9669,0.033345707
9670,0.1812724
9671,0.34556624
9672,0.6302635
9673,0.044777934
9674,0.06900602
9675,0.021657592
9676,0.04887174
9677,0.25107986
9678,0.9989236
9679,0.9987914
9680,0.49188858
9681,0.04945725
9682,0.031037448
9683,0.01274616
9684,0.26499045
9685,0.4432439
9686,0.5631844
9687,0.3792773
9688,0.39161742
9689,0.023802588
9690,0.02142429
9691,0.9986545
9692,0.34197906
9693,0.03575971
9694,0.08782083
9695,0.02849579
9696,0.16030285
9697,0.04351605
9698,0.028292907
9699,0.9984376
9700,0.078403935
9701,0.343001
9702,0.37738028
9703,0.605145
9704,0.028336918
9705,0.08079272
9706,0.2103397
9707,0.018660313
9708,0.16338763
9709,0.50660205
9710,0.0276577
9711,0.21028258
9712,0.99864644
9713,0.12405088
9714,0.05474739
9715,0.030065395
9716,0.9976767
9717,0.4785584
9718,0.07682856
9719,0.7927847
9720,0.020923205
9721,0.018141292
9722,0.11870153
9723,0.26719728
9724,0.029308433
9725,0.99873275
9726,0.9715328
9727,0.9986297
9728,0.46445835
9729,0.58394873
9730,0.029334515
9731,0.026778743
9732,0.016620269
9733,0.60655487
9734,0.024020603
9735,0.22306341
9736,0.61391634
9737,0.039383993
9738,0.7028497
9739,0.030752359
9740,0.9989058
9741,0.70471674
9742,0.050036233
9743,0.342692
9744,0.025144115
9745,0.035508316
9746,0.041777115
9747,0.5083693
9748,0.99873143
9749,0.013931878
9750,0.3991718
9751,0.07037764
9752,0.05447569
9753,0.027238118
9754,0.019257098
9755,0.19295947
9756,0.04326437
9757,0.028766248
9758,0.45382956
9759,0.03946091
9760,0.4353475
9761,0.08413149
9762,0.022264335
9763,0.67263204
9764,0.99607736
9765,0.5114043
9766,0.026508663
9767,0.6213049
9768,0.020112833
9769,0.26185533
9770,0.99759525
9771,0.01777865
9772,0.06778326
9773,0.7804293
9774,0.036945272
9775,0.998475
9776,0.31198
9777,0.035025913
9778,0.15732004
9779,0.33385763
9780,0.030053772
9781,0.28853127
9782,0.025959661
9783,0.02255421
9784,0.5511843
9785,0.4824175
9786,0.99852186
9787,0.9988288
9788,0.034068793
9789,0.08792247
9790,0.020035964
9791,0.070464715
9792,0.5201492
9793,0.036306754
9794,0.5189746
9795,0.024658984
9796,0.026293881
9797,0.03925642
9798,0.1524475
9799,0.5452173
9800,0.028098121
9801,0.05784822
9802,0.025597615
9803,0.36793658
9804,0.100276984
9805,0.9818525
9806,0.029692791
9807,0.03453668
9808,0.5329863
9809,0.4738274
9810,0.69521177
9811,0.040125046
9812,0.52294314
9813,0.5041695
9814,0.022807868
9815,0.032762796
9816,0.55968124
9817,0.5176025
9818,0.4896353
9819,0.028693087
9820,0.044415783
9821,0.12287629
9822,0.020453082
9823,0.23465073
9824,0.03338945
9825,0.3724674
9826,0.3665452
9827,0.02112896
9828,0.9786863
9829,0.59714586
9830,0.39549577
9831,0.9931809
9832,0.44643927
9833,0.45782688
9834,0.07944929
9835,0.47488555
9836,0.31037062
9837,0.030336788
9838,0.5153483
9839,0.4341489
9840,0.028448526
9841,0.2705593
9842,0.993005
9843,0.97578603
9844,0.18581314
9845,0.03790445
9846,0.028343001
9847,0.6393946
9848,0.20246732
9849,0.99559313
9850,0.99855584
9851,0.48198977
9852,0.44618252
9853,0.3048787
9854,0.38856182
9855,0.024482038
9856,0.16416958
9857,0.1634975
9858,0.9985232
9859,0.49607122
9860,0.32594717
9861,0.37295082
9862,0.04343151
9863,0.0152515145
9864,0.9942719
9865,0.3457207
9866,0.22138031
9867,0.59133655
9868,0.20018995
9869,0.051311553
9870,0.017980635
9871,0.99871373
9872,0.04821257
9873,0.35875258
9874,0.026964093
9875,0.02635911
9876,0.521541
9877,0.49921742
9878,0.02202564
9879,0.41087133
9880,0.57556057
9881,0.4597794
9882,0.269428
9883,0.027493529
9884,0.3843297
9885,0.16725558
9886,0.996779
9887,0.023248157
9888,0.5614805
9889,0.553065
9890,0.23630078
9891,0.029347172
9892,0.02386849
9893,0.025641426
9894,0.02181852
9895,0.39098278
9896,0.02569241
9897,0.018091032
9898,0.41674358
9899,0.6099676
9900,0.97487473
9901,0.52047867
9902,0.024869276
9903,0.3801354
9904,0.041468926
9905,0.031143285
9906,0.20678632
9907,0.04465085
9908,0.4607738
9909,0.026198588
9910,0.08757028
9911,0.16220193
9912,0.54006284
9913,0.035139658
9914,0.10467578
9915,0.026053423
9916,0.99789006
9917,0.61369205
9918,0.042100802
9919,0.031803582
9920,0.03208088
9921,0.047639273
9922,0.019525802
9923,0.034049958
9924,0.05135474
9925,0.03655858
9926,0.45218807
9927,0.031532433
9928,0.5835132
9929,0.02024931
9930,0.16856429
9931,0.32863998
9932,0.03984083
9933,0.44794735
9934,0.0357313
9935,0.23087926
9936,0.9961571
9937,0.09349636
9938,0.5042068
9939,0.48090938
9940,0.4484106
9941,0.38085768
9942,0.36628494
9943,0.032703914
9944,0.13447319
9945,0.3699527
9946,0.02982931
9947,0.026705611
9948,0.063890815
9949,0.99863905
9950,0.07539874
9951,0.30116314
9952,0.19640946
9953,0.37282795
9954,0.46033686
9955,0.49173734
9956,0.9968754
9957,0.019472824
9958,0.042475846
9959,0.13805337
9960,0.36008853
9961,0.026820594
9962,0.21997611
9963,0.026062494
9964,0.023387926
9965,0.99841905
9966,0.011482276
9967,0.49678105
9968,0.1987005
9969,0.9964191
9970,0.03384851
9971,0.16273238
9972,0.3072
9973,0.049423166
9974,0.5852261
9975,0.40078852
9976,0.4360433
9977,0.023828788
9978,0.9693197
9979,0.45184362
9980,0.33753437
9981,0.96889395
9982,0.43501318
9983,0.9988458
9984,0.023322241
9985,0.32527143
9986,0.9988311
9987,0.9959039
9988,0.036700808
9989,0.027239092
9990,0.710477
9991,0.051109705
9992,0.3471387
9993,0.0331144
9994,0.14543462
9995,0.46753487
9996,0.10442458
9997,0.99867153
9998,0.99823904
9999,0.030426413
10000,0.9976077
10001,0.020725623
10002,0.39949393
10003,0.99835026
10004,0.05003518
10005,0.032301348
10006,0.5011262
10007,0.4126276
10008,0.3726576
10009,0.998741
10010,0.016500652
10011,0.033210125
10012,0.33407205
10013,0.049387846
10014,0.22559977
10015,0.5624596
10016,0.64626724
10017,0.019559164
10018,0.22680515
10019,0.023744859
10020,0.37279552
10021,0.045882814
10022,0.017817235
10023,0.97819203
10024,0.03826012
10025,0.9986431
10026,0.386578
10027,0.01559368
10028,0.21704768
10029,0.045710966
10030,0.5110023
10031,0.5248363
10032,0.41637686
10033,0.41803038
10034,0.55407465
10035,0.04233064
10036,0.037099283
10037,0.38208717
10038,0.97489184
10039,0.9987859
10040,0.34339994
10041,0.03024262
10042,0.5088527
10043,0.54965496
10044,0.4754376
10045,0.019733954
10046,0.7102873
10047,0.06667138
10048,0.039236296
10049,0.031133352
10050,0.3790683
10051,0.4115734
10052,0.22767186
10053,0.041352015
10054,0.027498348
10055,0.40227652
10056,0.020084905
10057,0.33235192
10058,0.46089652
10059,0.20752618
10060,0.027995242
10061,0.03320525
10062,0.047818903
10063,0.037591826
10064,0.3871202
10065,0.99831843
10066,0.98059034
10067,0.2864569
10068,0.9989139
10069,0.018480917
10070,0.9953732
10071,0.30549595
10072,0.025879882
10073,0.21183644
10074,0.4193882
10075,0.019334162
10076,0.9988588
10077,0.026671482
10078,0.42514715
10079,0.45185906
10080,0.08997306
10081,0.6811661
10082,0.3882545
10083,0.038106337
10084,0.47324124
10085,0.38080305
10086,0.22235407
10087,0.07726798
10088,0.44433948
10089,0.52178216
10090,0.031023256
10091,0.094585285
10092,0.038131114
10093,0.17501381
10094,0.65246814
10095,0.4214311
10096,0.32600394
10097,0.53875387
10098,0.37457
10099,0.01547786
10100,0.2919948
10101,0.38465935
10102,0.03437713
10103,0.9986701
10104,0.061728522
10105,0.049156647
10106,0.06366104
10107,0.49227372
10108,0.99885213
10109,0.032934334
10110,0.9972078
10111,0.074502245
10112,0.20255755
10113,0.997118
10114,0.06547815
10115,0.94483256
10116,0.5727744
10117,0.033119425
10118,0.9980908
10119,0.50820756
10120,0.631107
10121,0.45007178
10122,0.6379121
10123,0.9983316
10124,0.998985
10125,0.032703876
10126,0.99842995
10127,0.64128286
10128,0.34410468
10129,0.9400356
10130,0.27398765
10131,0.5649023
10132,0.92309815
10133,0.03188944
10134,0.030229267
10135,0.47309524
10136,0.5155231
10137,0.49311605
10138,0.033434954
10139,0.40853176
10140,0.5656633
10141,0.99769396
10142,0.38387856
10143,0.09013704
10144,0.38196754
10145,0.02541054
10146,0.9980318
10147,0.42955026
10148,0.033679508
10149,0.32577366
10150,0.9753073
10151,0.4974752
10152,0.041553892
10153,0.081245676
10154,0.1564654
10155,0.03489707
10156,0.025995826
10157,0.032418713
10158,0.99543
10159,0.22911876
10160,0.020682693
10161,0.025822645
10162,0.030893214
10163,0.020677932
10164,0.3449467
10165,0.53122604
10166,0.035667848
10167,0.15042272
10168,0.25971842
10169,0.26861855
10170,0.026393887
10171,0.06818982
10172,0.31724504
10173,0.07374144
10174,0.99774736
10175,0.114080206
10176,0.021420257
10177,0.03692519
10178,0.22800276
10179,0.023560293
10180,0.3335594
10181,0.016491052
10182,0.02466737
10183,0.43611434
10184,0.5395258
10185,0.41732717
10186,0.8054144
10187,0.6177198
10188,0.26555753
10189,0.062075727
10190,0.09569935
10191,0.027518164
10192,0.33435124
10193,0.5392153
10194,0.019682908
10195,0.4997701
10196,0.03820826
10197,0.23123127
10198,0.03405374
10199,0.0702976
10200,0.024196243
10201,0.39907
10202,0.30814627
10203,0.35505095
10204,0.03483915
10205,0.17499277
10206,0.026118344
10207,0.60677797
10208,0.14352205
10209,0.18047678
10210,0.6129736
10211,0.50232387
10212,0.48158845
10213,0.059773013
10214,0.043242596
10215,0.0698376
10216,0.033176742
10217,0.33057815
10218,0.01514213
10219,0.63400227
10220,0.21556038
10221,0.36568797
10222,0.027677836
10223,0.97797215
10224,0.028039016
10225,0.18871565
10226,0.04010754
10227,0.9968374
10228,0.02881761
10229,0.48406112
10230,0.44123828
10231,0.10026045
10232,0.33063012
10233,0.05567113
10234,0.15973876
10235,0.99487585
10236,0.034510437
10237,0.030269243
10238,0.9761652
10239,0.49230528
10240,0.035991054
10241,0.049717873
10242,0.71817803
10243,0.6869659
10244,0.9985942
10245,0.07093546
10246,0.22491418
10247,0.99882287
10248,0.37043896
10249,0.03759859
10250,0.31182852
10251,0.40449288
10252,0.4061676
10253,0.8579391
10254,0.039392743
10255,0.38630542
10256,0.7249871
10257,0.33124036
10258,0.40929782
10259,0.6853966
10260,0.37526688
10261,0.58074975
10262,0.5901323
10263,0.22925206
10264,0.37624708
10265,0.25876442
10266,0.024879042
10267,0.16220386
10268,0.36356997
10269,0.021241255
10270,0.26542866
10271,0.41605273
10272,0.019828271
10273,0.8291638
10274,0.02637994
10275,0.023518102
10276,0.024606276
10277,0.16390508
10278,0.37358359
10279,0.083729595
10280,0.41206563
10281,0.031008948
10282,0.20865759
10283,0.015197526
10284,0.5703578
10285,0.023170382
10286,0.6587534
10287,0.99886477
10288,0.034535106
10289,0.63372654
10290,0.26922968
10291,0.5686487
10292,0.5392109
10293,0.4539794
10294,0.4648307
10295,0.044458337
10296,0.08088932
10297,0.030147586
10298,0.44594702
10299,0.45764613
10300,0.30814955
10301,0.029383998
10302,0.02078251
10303,0.078321695
10304,0.99850214
10305,0.99726784
10306,0.0662421
10307,0.3934701
10308,0.046535034
10309,0.21282716
10310,0.40301353
10311,0.052116647
10312,0.029112484
10313,0.027555432
10314,0.018386403
10315,0.024310231
10316,0.4188416
10317,0.5791123
10318,0.06940666
10319,0.41190234
10320,0.05706321
10321,0.9969446
10322,0.41906306
10323,0.5530926
10324,0.579791
10325,0.032622825
10326,0.020872045
10327,0.022769032
10328,0.9882569
10329,0.46910465
10330,0.76133496
10331,0.025277812
10332,0.9988035
10333,0.9981686
10334,0.9986842
10335,0.02701333
10336,0.039153915
10337,0.37431863
10338,0.6247088
10339,0.5275265
10340,0.03064478
10341,0.69846797
10342,0.031012205
10343,0.032449946
10344,0.6582613
10345,0.2546007
10346,0.02662315
10347,0.02246199
10348,0.043268748
10349,0.41603953
10350,0.048207622
10351,0.028224975
10352,0.061121713
10353,0.64405376
10354,0.47075346
10355,0.63259125
10356,0.45065987
10357,0.9981713
10358,0.029077312
10359,0.34933886
10360,0.21333112
10361,0.07898088
10362,0.048423268
10363,0.9976689
10364,0.03272106
10365,0.025037589
10366,0.45515457
10367,0.33578873
10368,0.69789886
10369,0.03960422
10370,0.028876895
10371,0.032000467
10372,0.19429164
10373,0.99744725
10374,0.050136227
10375,0.33378592
10376,0.46465006
10377,0.039059497
10378,0.0411656
10379,0.19377209
10380,0.09353085
10381,0.20808105
10382,0.9985404
10383,0.9985024
10384,0.029481057
10385,0.024203617
10386,0.022188872
10387,0.032609716
10388,0.023574805
10389,0.024437774
10390,0.024436075
10391,0.031228919
10392,0.5983702
10393,0.55279213
10394,0.6584679
10395,0.031708505
10396,0.080206126
10397,0.025836552
10398,0.4624726
10399,0.120334186
10400,0.9964959
10401,0.38895604
10402,0.023115419
10403,0.4205277
10404,0.99821717
10405,0.02857603
10406,0.6741161
10407,0.32009223
10408,0.33148578
10409,0.022435913
10410,0.18481414
10411,0.99844474
10412,0.028268706
10413,0.5223818
10414,0.027127583
10415,0.02954088
10416,0.025860086
10417,0.026680876
10418,0.47309408
10419,0.2149452
10420,0.039190087
10421,0.03445892
10422,0.6361212
10423,0.5904883
10424,0.028797787
10425,0.037699375
10426,0.4450377
10427,0.09933241
10428,0.384488
10429,0.16029097
10430,0.30763057
10431,0.654714
10432,0.997959
10433,0.040786464
10434,0.059890974
10435,0.9963057
10436,0.9986008
10437,0.048488017
10438,0.2807132
10439,0.9965507
10440,0.030804042
10441,0.9971507
10442,0.0347112
10443,0.040058497
10444,0.9114251
10445,0.99618846
10446,0.17840633
10447,0.4499515
10448,0.23299193
10449,0.03599535
10450,0.23344441
10451,0.04007875
10452,0.9987872
10453,0.48545602
10454,0.15559371
10455,0.51589155
10456,0.36979073
10457,0.432367
10458,0.6314603
10459,0.99734807
10460,0.022403833
10461,0.50649935
10462,0.45927042
10463,0.08340415
10464,0.029578319
10465,0.167924
10466,0.99875796
10467,0.40072015
10468,0.99847263
10469,0.025126023
10470,0.99882716
10471,0.02381669
10472,0.038136054
10473,0.63738394
10474,0.56608623
10475,0.05444816
10476,0.9984433
10477,0.37404135
10478,0.99886274
10479,0.05260557
10480,0.035504755
10481,0.9989165
10482,0.3895224
10483,0.44806522
10484,0.18730624
10485,0.048255034
10486,0.99773324
10487,0.0134600345
10488,0.3031773
10489,0.031377822
10490,0.9960567
10491,0.47717264
10492,0.02699582
10493,0.45234486
10494,0.05258358
10495,0.5814921
10496,0.99700934
10497,0.04681781
10498,0.02624296
10499,0.26482862
10500,0.04258583
10501,0.16628651
10502,0.035221722
10503,0.026146904
10504,0.9972836
10505,0.04641119
10506,0.020193446
10507,0.9747004
10508,0.36467022
10509,0.030280149
10510,0.0761195
10511,0.08392947
10512,0.024051577
10513,0.9968123
10514,0.036393996
10515,0.022596719
10516,0.56568635
10517,0.03653251
10518,0.41297176
10519,0.9907204
10520,0.47322834
10521,0.21753073
10522,0.022937289
10523,0.089195535
10524,0.3512565
10525,0.05467202
10526,0.99249285
10527,0.030558733
10528,0.55942625
10529,0.99616843
10530,0.22668137
10531,0.0381218
10532,0.028601155
10533,0.043064754
10534,0.9985929
10535,0.045669686
10536,0.03322959
10537,0.0529401
10538,0.9984756
10539,0.38659889
10540,0.20801476
10541,0.029427074
10542,0.027950462
10543,0.18734756
10544,0.016747506
10545,0.41544026
10546,0.30957162
10547,0.037578892
10548,0.022124793
10549,0.027519645
10550,0.3895732
10551,0.040483724
10552,0.312024
10553,0.039506666
10554,0.4074006
10555,0.63653094
10556,0.263853
10557,0.020980459
10558,0.03386885
10559,0.054932203
10560,0.9624188
10561,0.9964055
10562,0.54217714
10563,0.54371285
10564,0.35328075
10565,0.4790467
10566,0.05715823
10567,0.03474993
10568,0.43216553
10569,0.04539528
10570,0.042717878
10571,0.09886669
10572,0.2980869
10573,0.2282771
10574,0.9971739
10575,0.5699276
10576,0.08139005
10577,0.46181393
10578,0.03404364
10579,0.33694294
10580,0.4403551
10581,0.22909859
10582,0.3487162
10583,0.05075563
10584,0.53156036
10585,0.3814648
10586,0.19780158
10587,0.06780347
10588,0.60019207
10589,0.9818934
10590,0.99725866
10591,0.29029238
10592,0.036536478
10593,0.027875146
10594,0.08633678
10595,0.37890118
10596,0.047957875
10597,0.025161145
10598,0.036443785
10599,0.38017318
10600,0.039617896
10601,0.023467295
10602,0.053945128
10603,0.0297101
10604,0.2203418
10605,0.036971442
10606,0.27326733
10607,0.023364503
10608,0.2799202
10609,0.40437052
10610,0.41288933
10611,0.033769008
10612,0.42475453
10613,0.053587344
10614,0.03993983
10615,0.03954367
10616,0.4116817
10617,0.040895652
10618,0.69537026
10619,0.48167112
10620,0.5578753
10621,0.028898628
10622,0.13859843
10623,0.027063476
10624,0.042662848
10625,0.6207589
10626,0.013515031
10627,0.38490355
10628,0.30316544
10629,0.48118535
10630,0.079510376
10631,0.34526595
10632,0.03898588
10633,0.5338525
10634,0.056772266
10635,0.025471138
10636,0.055972807
10637,0.5806116
10638,0.051328406
10639,0.02683478
10640,0.23145391
10641,0.26192495
10642,0.529805
10643,0.3846902
10644,0.03095132
10645,0.028418459
10646,0.1659118
10647,0.9948336
10648,0.99848
10649,0.31062177
10650,0.99859816
10651,0.48072815
10652,0.9711953
10653,0.03843503
10654,0.022417242
10655,0.9973271
10656,0.04152884
10657,0.036084574
10658,0.3168722
10659,0.033085383
10660,0.9959656
10661,0.03160323
10662,0.6523861
10663,0.5034946
10664,0.9399445
10665,0.206319
10666,0.3696517
10667,0.3869883
10668,0.029352715
10669,0.018151438
10670,0.03159025
10671,0.97419477
10672,0.99862874
10673,0.049446154
10674,0.067012586
10675,0.025358368
10676,0.5816334
10677,0.20577459
10678,0.9961074
10679,0.033732235
10680,0.026575869
10681,0.040335342
10682,0.020534327
10683,0.042860027
10684,0.5005357
10685,0.052799486
10686,0.41527104
10687,0.026991168
10688,0.9987405
10689,0.035360202
10690,0.03176572
10691,0.998629
10692,0.6452293
10693,0.60697436
10694,0.3711839
10695,0.64400554
10696,0.99665326
10697,0.5351136
10698,0.99652475
10699,0.9470128
10700,0.020184517
10701,0.4923843
10702,0.020571455
10703,0.37369922
10704,0.61325955
10705,0.026479522
10706,0.6118337
10707,0.51055676
10708,0.025766706
10709,0.029287942
10710,0.61966234
10711,0.99719775
10712,0.028053615
10713,0.03475576
10714,0.46286055
10715,0.04094145
10716,0.4685456
10717,0.100142464
10718,0.99862874
10719,0.9858657
10720,0.08913944
10721,0.017663814
10722,0.9970969
10723,0.9989085
10724,0.0377884
10725,0.032542333
10726,0.22890699
10727,0.027795738
10728,0.99875236
10729,0.51082605
10730,0.47723603
10731,0.4761682
10732,0.17096949
10733,0.048736136
10734,0.49456567
10735,0.9983498
10736,0.9735353
10737,0.24725138
10738,0.25053084
10739,0.46363565
10740,0.99334913
10741,0.027313799
10742,0.4066897
10743,0.21425487
10744,0.998697
10745,0.03129404
10746,0.043065306
10747,0.21230133
10748,0.025255557
10749,0.031014869
10750,0.037347745
10751,0.057734948
10752,0.6202053
10753,0.22596
10754,0.38147876
10755,0.99872893
10756,0.66198426
10757,0.36732197
10758,0.02378945
10759,0.033283982
10760,0.040262755
10761,0.030434439
10762,0.014864669
10763,0.40641883
10764,0.19161612
10765,0.041373778
10766,0.024153491
10767,0.05961105
10768,0.032096826
10769,0.23150161
10770,0.99862516
10771,0.028595163
10772,0.48770204
10773,0.4385592
10774,0.04672484
10775,0.3297072
10776,0.3989618
10777,0.21438734
10778,0.9941567
10779,0.032379415
10780,0.029732859
10781,0.03241692
10782,0.5404495
10783,0.016179493
10784,0.020265495
10785,0.032042332
10786,0.49870038
10787,0.033784736
10788,0.33916882
10789,0.05698694
10790,0.035176933
10791,0.4103163
10792,0.56877387
10793,0.029645
10794,0.5414752
10795,0.9976907
10796,0.024620112
10797,0.01835144
10798,0.44215006
10799,0.038746167
10800,0.05798201
10801,0.5313476
10802,0.061860707
10803,0.023724997
10804,0.02385789
10805,0.44718158
10806,0.36860043
10807,0.40323785
10808,0.042828158
10809,0.43057004
10810,0.75837266
10811,0.92380595
10812,0.021345073
10813,0.028148033
10814,0.3401992
10815,0.0410455
10816,0.21373636
10817,0.24359517
10818,0.30176985
10819,0.21422525
10820,0.9988502
10821,0.021480756
10822,0.034172855
10823,0.040620096
10824,0.32630238
10825,0.023039095
10826,0.27141574
10827,0.9987984
10828,0.03012492
10829,0.0360644
10830,0.0408413
10831,0.047166616
10832,0.03061766
10833,0.9959604
10834,0.49901357
10835,0.5877283
10836,0.4139455
10837,0.06958588
10838,0.33099085
10839,0.9971047
10840,0.43256962
10841,0.13259245
10842,0.48612896
10843,0.46689302
10844,0.98341006
10845,0.06030057
10846,0.36116308
10847,0.18231283
10848,0.9967699
10849,0.99742246
10850,0.25513092
10851,0.65942276
10852,0.43129206
10853,0.98799604
10854,0.5881845
10855,0.19762267
10856,0.9985127
10857,0.031033019
10858,0.02797852
10859,0.35030892
10860,0.03306791
10861,0.024077732
10862,0.24375471
10863,0.47987124
10864,0.21303202
10865,0.4198383
10866,0.52939206
10867,0.99864
10868,0.51194614
10869,0.991204
10870,0.18111055
10871,0.3768048
10872,0.38227695
10873,0.040521443
10874,0.40588006
10875,0.50321627
10876,0.042008538
10877,0.98056763
10878,0.7152799
10879,0.5103005
10880,0.73052317
10881,0.9974807
10882,0.5442308
10883,0.03386646
10884,0.07754554
10885,0.036801644
10886,0.033651408
10887,0.35686922
10888,0.99861944
10889,0.4278773
10890,0.022774925
10891,0.61880887
10892,0.32808366
10893,0.9986947
10894,0.24915771
10895,0.4886135
10896,0.97571623
10897,0.029627332
10898,0.034956895
10899,0.6474826
10900,0.1391284
10901,0.9986732
10902,0.03608973
10903,0.05428409
10904,0.05301632
10905,0.99864906
10906,0.03788656
10907,0.039206553
10908,0.42110273
10909,0.19989003
10910,0.9985317
10911,0.22100714
10912,0.030067578
10913,0.06224912
10914,0.40459082
10915,0.08600428
10916,0.04135293
10917,0.5891447
10918,0.16367406
10919,0.027180357
10920,0.026377136
10921,0.022500645
10922,0.12962317
10923,0.3755817
10924,0.23318636
10925,0.49464935
10926,0.357854
10927,0.035423435
10928,0.4771609
10929,0.9989831
10930,0.18650445
10931,0.036779508
10932,0.5180787
10933,0.97776914
10934,0.3740263
10935,0.4114289
10936,0.39653286
10937,0.3502256
10938,0.46816778
10939,0.51967895
10940,0.427447
10941,0.014850877
10942,0.45988783
10943,0.419729
10944,0.035676945
10945,0.019976314
10946,0.021759322
10947,0.06517281
10948,0.024706304
10949,0.12456912
10950,0.42584413
10951,0.6082661
10952,0.9980763
10953,0.033816636
10954,0.2958507
10955,0.031000461
10956,0.99849117
10957,0.071737476
10958,0.02412382
10959,0.32776508
10960,0.08269161
10961,0.40506706
10962,0.4309372
10963,0.99899334
10964,0.9632263
10965,0.036001503
10966,0.020863734
10967,0.37372681
10968,0.32981858
10969,0.35203683
10970,0.57217616
10971,0.9648859
10972,0.27036032
10973,0.04541438
10974,0.5822313
10975,0.52984256
10976,0.52148855
10977,0.4989478
10978,0.30860797
10979,0.031052519
10980,0.02580792
10981,0.18813668
10982,0.4269419
10983,0.59046847
10984,0.041740473
10985,0.032231525
10986,0.034581408
10987,0.66250646
10988,0.540742
10989,0.7747599
10990,0.21294653
10991,0.9042118
10992,0.40385893
10993,0.01623061
10994,0.9982358
10995,0.04390574
10996,0.20877361
10997,0.38675916
10998,0.4499782
10999,0.45343053
